<?xml version="1.0" encoding="UTF-8"?>
<project-private xmlns="http://www.netbeans.org/ns/project-private/1">
    <editor-bookmarks xmlns="http://www.netbeans.org/ns/editor-bookmarks/2" lastBookmarkId="0"/>
    <open-files xmlns="http://www.netbeans.org/ns/projectui-open-files/2">
        <group>
            <file>file:/C:/wamp/www/site/protected/model/ArticleListModel.php</file>
            <file>file:/C:/wamp/www/site/protected/controller/IndexController.php</file>
            <file>file:/C:/wamp/www/site/protected/view/head.php</file>
            <file>file:/C:/wamp/www/site/protected/view/content.php</file>
            <file>file:/C:/wamp/www/site/protected/controller/ArticleListController.php</file>
            <file>file:/C:/wamp/www/site/index.php</file>
        </group>
    </open-files>
</project-private>
